{
  "SP logout" : {
    "transaction" : "SP logout",
    "sampleCount" : 12,
    "errorCount" : 12,
    "errorPct" : 100.0,
    "meanResTime" : 293.83333333333337,
    "medianResTime" : 294.0,
    "minResTime" : 277.0,
    "maxResTime" : 315.0,
    "pct1ResTime" : 312.6,
    "pct2ResTime" : 315.0,
    "pct3ResTime" : 315.0,
    "throughput" : 0.2170374389582203,
    "receivedKBytesPerSec" : 0.5996083152468801,
    "sentKBytesPerSec" : 0.08202489148128052
  },
  "IdP Redirect endpoint" : {
    "transaction" : "IdP Redirect endpoint",
    "sampleCount" : 12,
    "errorCount" : 0,
    "errorPct" : 0.0,
    "meanResTime" : 194.16666666666666,
    "medianResTime" : 176.5,
    "minResTime" : 143.0,
    "maxResTime" : 268.0,
    "pct1ResTime" : 266.5,
    "pct2ResTime" : 268.0,
    "pct3ResTime" : 268.0,
    "throughput" : 0.21744251363545763,
    "receivedKBytesPerSec" : 2.967325864786997,
    "sentKBytesPerSec" : 0.5255568566872634
  },
  "SP grant the access" : {
    "transaction" : "SP grant the access",
    "sampleCount" : 12,
    "errorCount" : 12,
    "errorPct" : 100.0,
    "meanResTime" : 323.75,
    "medianResTime" : 303.0,
    "minResTime" : 278.0,
    "maxResTime" : 427.0,
    "pct1ResTime" : 418.90000000000003,
    "pct2ResTime" : 427.0,
    "pct3ResTime" : 427.0,
    "throughput" : 0.21702173834412414,
    "receivedKBytesPerSec" : 0.15153373331645387,
    "sentKBytesPerSec" : 0.0924037870293341
  },
  "IdP (SF) Login" : {
    "transaction" : "IdP (SF) Login",
    "sampleCount" : 20,
    "errorCount" : 0,
    "errorPct" : 0.0,
    "meanResTime" : 871.4499999999998,
    "medianResTime" : 813.5,
    "minResTime" : 0.0,
    "maxResTime" : 2761.0,
    "pct1ResTime" : 1947.5,
    "pct2ResTime" : 2720.4499999999994,
    "pct3ResTime" : 2761.0,
    "throughput" : 0.21054404581438435,
    "receivedKBytesPerSec" : 0.9305676728040255,
    "sentKBytesPerSec" : 0.7772241675614788
  },
  "Autentificate on IdP (SF)" : {
    "transaction" : "Autentificate on IdP (SF)",
    "sampleCount" : 12,
    "errorCount" : 0,
    "errorPct" : 0.0,
    "meanResTime" : 104.83333333333334,
    "medianResTime" : 103.0,
    "minResTime" : 90.0,
    "maxResTime" : 149.0,
    "pct1ResTime" : 136.40000000000003,
    "pct2ResTime" : 149.0,
    "pct3ResTime" : 149.0,
    "throughput" : 0.21774632553075668,
    "receivedKBytesPerSec" : 2.841121733805117,
    "sentKBytesPerSec" : 0.2279531845400109
  },
  "SF login (IdP)-0" : {
    "transaction" : "SF login (IdP)-0",
    "sampleCount" : 12,
    "errorCount" : 0,
    "errorPct" : 0.0,
    "meanResTime" : 634.5000000000001,
    "medianResTime" : 356.5,
    "minResTime" : 296.0,
    "maxResTime" : 2136.0,
    "pct1ResTime" : 1915.2000000000007,
    "pct2ResTime" : 2136.0,
    "pct3ResTime" : 2136.0,
    "throughput" : 0.2132271935747539,
    "receivedKBytesPerSec" : 0.4787547420839405,
    "sentKBytesPerSec" : 0.8980946151249156
  },
  "SF login (IdP)-1" : {
    "transaction" : "SF login (IdP)-1",
    "sampleCount" : 12,
    "errorCount" : 0,
    "errorPct" : 0.0,
    "meanResTime" : 380.16666666666674,
    "medianResTime" : 290.5,
    "minResTime" : 224.0,
    "maxResTime" : 1345.0,
    "pct1ResTime" : 1053.100000000001,
    "pct2ResTime" : 1345.0,
    "pct3ResTime" : 1345.0,
    "throughput" : 0.21606049693914295,
    "receivedKBytesPerSec" : 0.5306563962909615,
    "sentKBytesPerSec" : 0.1903540803925099
  },
  "SF login (IdP)-2" : {
    "transaction" : "SF login (IdP)-2",
    "sampleCount" : 12,
    "errorCount" : 0,
    "errorPct" : 0.0,
    "meanResTime" : 422.5,
    "medianResTime" : 268.0,
    "minResTime" : 208.0,
    "maxResTime" : 1213.0,
    "pct1ResTime" : 1144.6000000000004,
    "pct2ResTime" : 1213.0,
    "pct3ResTime" : 1213.0,
    "throughput" : 0.21654005088691197,
    "receivedKBytesPerSec" : 0.5770876942093581,
    "sentKBytesPerSec" : 0.2294394093870112
  },
  "SP logged out" : {
    "transaction" : "SP logged out",
    "sampleCount" : 12,
    "errorCount" : 12,
    "errorPct" : 100.0,
    "meanResTime" : 290.6666666666667,
    "medianResTime" : 291.5,
    "minResTime" : 274.0,
    "maxResTime" : 309.0,
    "pct1ResTime" : 307.2,
    "pct2ResTime" : 309.0,
    "pct3ResTime" : 309.0,
    "throughput" : 0.21708848164697794,
    "receivedKBytesPerSec" : 0.1515803363062395,
    "sentKBytesPerSec" : 0.08204418202869186
  },
  "Relay SAML Response back to SP" : {
    "transaction" : "Relay SAML Response back to SP",
    "sampleCount" : 12,
    "errorCount" : 12,
    "errorPct" : 100.0,
    "meanResTime" : 3.4166666666666665,
    "medianResTime" : 3.0,
    "minResTime" : 2.0,
    "maxResTime" : 8.0,
    "pct1ResTime" : 7.100000000000003,
    "pct2ResTime" : 8.0,
    "pct3ResTime" : 8.0,
    "throughput" : 0.21817388458601505,
    "receivedKBytesPerSec" : 0.4504097578269881,
    "sentKBytesPerSec" : 0.0
  },
  "IdP Redirect endpoint-1" : {
    "transaction" : "IdP Redirect endpoint-1",
    "sampleCount" : 12,
    "errorCount" : 0,
    "errorPct" : 0.0,
    "meanResTime" : 104.5,
    "medianResTime" : 101.0,
    "minResTime" : 87.0,
    "maxResTime" : 155.0,
    "pct1ResTime" : 143.90000000000003,
    "pct2ResTime" : 155.0,
    "pct3ResTime" : 155.0,
    "throughput" : 0.21773052219036906,
    "receivedKBytesPerSec" : 2.840915534165548,
    "sentKBytesPerSec" : 0.21900628696882826
  },
  "Total" : {
    "transaction" : "Total",
    "sampleCount" : 156,
    "errorCount" : 60,
    "errorPct" : 38.46154,
    "meanResTime" : 332.1923076923076,
    "medianResTime" : 258.5,
    "minResTime" : 2.0,
    "maxResTime" : 2761.0,
    "pct1ResTime" : 843.2000000000011,
    "pct2ResTime" : 1434.0500000000013,
    "pct3ResTime" : 2404.750000000004,
    "throughput" : 2.653512502126212,
    "receivedKBytesPerSec" : 12.511760609797586,
    "sentKBytesPerSec" : 3.954222656914441
  },
  "IdP generate SAML Response " : {
    "transaction" : "IdP generate SAML Response ",
    "sampleCount" : 12,
    "errorCount" : 12,
    "errorPct" : 100.0,
    "meanResTime" : 316.58333333333337,
    "medianResTime" : 295.0,
    "minResTime" : 272.0,
    "maxResTime" : 393.0,
    "pct1ResTime" : 388.8,
    "pct2ResTime" : 393.0,
    "pct3ResTime" : 393.0,
    "throughput" : 0.21693150387765064,
    "receivedKBytesPerSec" : 0.15147072780519552,
    "sentKBytesPerSec" : 0.08304409132816314
  },
  "IdP Redirect endpoint-0" : {
    "transaction" : "IdP Redirect endpoint-0",
    "sampleCount" : 12,
    "errorCount" : 0,
    "errorPct" : 0.0,
    "meanResTime" : 87.83333333333334,
    "medianResTime" : 67.5,
    "minResTime" : 53.0,
    "maxResTime" : 163.0,
    "pct1ResTime" : 160.3,
    "pct2ResTime" : 163.0,
    "pct3ResTime" : 163.0,
    "throughput" : 0.21784910318785852,
    "receivedKBytesPerSec" : 0.13041162134195047,
    "sentKBytesPerSec" : 0.30741401768208554
  },
  "SP logout request" : {
    "transaction" : "SP logout request",
    "sampleCount" : 12,
    "errorCount" : 12,
    "errorPct" : 100.0,
    "meanResTime" : 3.1666666666666674,
    "medianResTime" : 3.0,
    "minResTime" : 2.0,
    "maxResTime" : 6.0,
    "pct1ResTime" : 5.400000000000002,
    "pct2ResTime" : 6.0,
    "pct3ResTime" : 6.0,
    "throughput" : 0.21815405312051192,
    "receivedKBytesPerSec" : 0.4503688166960569,
    "sentKBytesPerSec" : 0.0
  },
  "SF login (IdP)" : {
    "transaction" : "SF login (IdP)",
    "sampleCount" : 12,
    "errorCount" : 0,
    "errorPct" : 0.0,
    "meanResTime" : 1452.4166666666665,
    "medianResTime" : 1377.5,
    "minResTime" : 788.0,
    "maxResTime" : 2761.0,
    "pct1ResTime" : 2517.7000000000007,
    "pct2ResTime" : 2761.0,
    "pct3ResTime" : 2761.0,
    "throughput" : 0.21125644772283156,
    "receivedKBytesPerSec" : 1.5561939400207736,
    "sentKBytesPerSec" : 1.2997566699822194
  },
  "SSO to SP" : {
    "transaction" : "SSO to SP",
    "sampleCount" : 12,
    "errorCount" : 12,
    "errorPct" : 100.0,
    "meanResTime" : 942.75,
    "medianResTime" : 956.0,
    "minResTime" : 828.0,
    "maxResTime" : 1168.0,