{
  "IdP Redirect endpoint" : {
    "transaction" : "IdP Redirect endpoint",
    "sampleCount" : 12,
    "errorCount" : 0,
    "errorPct" : 0.0,
    "meanResTime" : 257.1666666666667,
    "medianResTime" : 177.0,
    "minResTime" : 135.0,
    "maxResTime" : 940.0,
    "pct1ResTime" : 769.3000000000006,
    "pct2ResTime" : 940.0,
    "pct3ResTime" : 940.0,
    "throughput" : 0.21668472372697725,
    "receivedKBytesPerSec" : 2.9641616727609246,
    "sentKBytesPerSec" : 0.5415002031419285
  },
  "SP grant the access" : {
    "transaction" : "SP grant the access",
    "sampleCount" : 12,
    "errorCount" : 0,
    "errorPct" : 0.0,
    "meanResTime" : 69.5,
    "medianResTime" : 68.0,
    "minResTime" : 66.0,
    "maxResTime" : 84.0,
    "pct1ResTime" : 80.4,
    "pct2ResTime" : 84.0,
    "pct3ResTime" : 84.0,
    "throughput" : 0.2145769258279093,
    "receivedKBytesPerSec" : 0.1506648531936199,
    "sentKBytesPerSec" : 0.15317942654316571
  },
  "Autentificate on IdP (SF)" : {
    "transaction" : "Autentificate on IdP (SF)",
    "sampleCount" : 12,
    "errorCount" : 0,
    "errorPct" : 0.0,
    "meanResTime" : 215.66666666666669,
    "medianResTime" : 106.5,
    "minResTime" : 82.0,
    "maxResTime" : 789.0,
    "pct1ResTime" : 687.6000000000004,
    "pct2ResTime" : 789.0,
    "pct3ResTime" : 789.0,
    "throughput" : 0.2142971944925621,
    "receivedKBytesPerSec" : 2.796117983999143,
    "sentKBytesPerSec" : 0.22434237548440095
  },
  "IdP generate SAML Response -1" : {
    "transaction" : "IdP generate SAML Response -1",
    "sampleCount" : 12,
    "errorCount" : 0,
    "errorPct" : 0.0,
    "meanResTime" : 88.24999999999999,
    "medianResTime" : 67.5,
    "minResTime" : 51.0,
    "maxResTime" : 171.0,
    "pct1ResTime" : 167.10000000000002,
    "pct2ResTime" : 171.0,
    "pct3ResTime" : 171.0,
    "throughput" : 0.22012290195359077,
    "receivedKBytesPerSec" : 0.13177279189213978,
    "sentKBytesPerSec" : 0.31126754104374943
  },
  "Relay SAML Response back to SP-1" : {
    "transaction" : "Relay SAML Response back to SP-1",
    "sampleCount" : 12,
    "errorCount" : 0,
    "errorPct" : 0.0,
    "meanResTime" : 94.33333333333333,
    "medianResTime" : 68.5,
    "minResTime" : 64.0,
    "maxResTime" : 381.0,
    "pct1ResTime" : 288.3000000000003,
    "pct2ResTime" : 381.0,
    "pct3ResTime" : 381.0,
    "throughput" : 0.21454623471358078,
    "receivedKBytesPerSec" : 0.16635713902596008,
    "sentKBytesPerSec" : 0.14372921583351211
  },
  "IdP generate SAML Response -2" : {
    "transaction" : "IdP generate SAML Response -2",
    "sampleCount" : 12,
    "errorCount" : 0,
    "errorPct" : 0.0,
    "meanResTime" : 192.08333333333334,
    "medianResTime" : 106.5,
    "minResTime" : 80.0,
    "maxResTime" : 725.0,
    "pct1ResTime" : 632.9000000000003,
    "pct2ResTime" : 725.0,
    "pct3ResTime" : 725.0,
    "throughput" : 0.2199695708760288,
    "receivedKBytesPerSec" : 2.8701303090572474,
    "sentKBytesPerSec" : 0.22125845508038056
  },
  "SP logout request-1" : {
    "transaction" : "SP logout request-1",
    "sampleCount" : 12,
    "errorCount" : 0,
    "errorPct" : 0.0,
    "meanResTime" : 77.08333333333333,
    "medianResTime" : 66.5,
    "minResTime" : 64.0,
    "maxResTime" : 194.0,
    "pct1ResTime" : 156.5000000000001,
    "pct2ResTime" : 194.0,
    "pct3ResTime" : 194.0,
    "throughput" : 0.21410601816332722,
    "receivedKBytesPerSec" : 0.08593513033703856,
    "sentKBytesPerSec" : 0.09199867967955466
  },
  "SF login (IdP)-0" : {
    "transaction" : "SF login (IdP)-0",
    "sampleCount" : 12,
    "errorCount" : 0,
    "errorPct" : 0.0,
    "meanResTime" : 350.0,
    "medianResTime" : 324.0,
    "minResTime" : 291.0,
    "maxResTime" : 601.0,
    "pct1ResTime" : 548.8000000000002,
    "pct2ResTime" : 601.0,
    "pct3ResTime" : 601.0,
    "throughput" : 0.2169118976175843,
    "receivedKBytesPerSec" : 0.4796492579805502,
    "sentKBytesPerSec" : 0.9136142718990636
  },
  "Relay SAML Response back to SP-0" : {
    "transaction" : "Relay SAML Response back to SP-0",
    "sampleCount" : 12,
    "errorCount" : 0,
    "errorPct" : 0.0,
    "meanResTime" : 106.33333333333334,
    "medianResTime" : 95.0,
    "minResTime" : 79.0,
    "maxResTime" : 222.0,
    "pct1ResTime" : 190.2000000000001,
    "pct2ResTime" : 222.0,
    "pct3ResTime" : 222.0,
    "throughput" : 0.2143852502947797,
    "receivedKBytesPerSec" : 0.08290679601243435,
    "sentKBytesPerSec" : 2.5948152267124023
  },
  "SF login (IdP)-1" : {
    "transaction" : "SF login (IdP)-1",
    "sampleCount" : 12,
    "errorCount" : 0,
    "errorPct" : 0.0,
    "meanResTime" : 285.58333333333337,
    "medianResTime" : 277.0,
    "minResTime" : 238.0,
    "maxResTime" : 358.0,
    "pct1ResTime" : 351.40000000000003,
    "pct2ResTime" : 358.0,
    "pct3ResTime" : 358.0,
    "throughput" : 0.2183803457688808,
    "receivedKBytesPerSec" : 0.5363540718835305,
    "sentKBytesPerSec" : 0.19220242834394904
  },
  "SF login (IdP)-2" : {
    "transaction" : "SF login (IdP)-2",
    "sampleCount" : 12,
    "errorCount" : 0,
    "errorPct" : 0.0,
    "meanResTime" : 271.25,
    "medianResTime" : 262.5,
    "minResTime" : 214.0,
    "maxResTime" : 369.0,
    "pct1ResTime" : 366.0,
    "pct2ResTime" : 369.0,
    "pct3ResTime" : 369.0,
    "throughput" : 0.21884631517516825,
    "receivedKBytesPerSec" : 0.5832339786260099,
    "sentKBytesPerSec" : 0.23188305855962651
  },
  "SP logged out" : {
    "transaction" : "SP logged out",
    "sampleCount" : 12,
    "errorCount" : 0,
    "errorPct" : 0.0,
    "meanResTime" : 66.66666666666666,
    "medianResTime" : 66.0,
    "minResTime" : 64.0,
    "maxResTime" : 72.0,
    "pct1ResTime" : 71.4,
    "pct2ResTime" : 72.0,
    "pct3ResTime" : 72.0,
    "throughput" : 0.21408691928923143,
    "receivedKBytesPerSec" : 0.08592746467565832,
    "sentKBytesPerSec" : 0.09199047313209163
  },
  "Relay SAML Response back to SP" : {
    "transaction" : "Relay SAML Response back to SP",
    "sampleCount" : 12,
    "errorCount" : 0,
    "errorPct" : 0.0,
    "meanResTime" : 201.91666666666666,
    "medianResTime" : 165.5,
    "minResTime" : 144.0,
    "maxResTime" : 604.0,
    "pct1ResTime" : 478.90000000000043,
    "pct2ResTime" : 604.0,
    "pct3ResTime" : 604.0,
    "throughput" : 0.21411747912354578,
    "receivedKBytesPerSec" : 0.24882792984083935,
    "sentKBytesPerSec" : 2.735016237242167
  },
  "SP logout group" : {
    "transaction" : "SP logout group",
    "sampleCount" : 12,
    "errorCount" : 0,
    "errorPct" : 0.0,
    "meanResTime" : 224.08333333333334,
    "medianResTime" : 205.0,
    "minResTime" : 194.0,
    "maxResTime" : 334.0,
    "pct1ResTime" : 331.0,
    "pct2ResTime" : 334.0,
    "pct3ResTime" : 334.0,
    "throughput" : 0.21357253457205402,
    "receivedKBytesPerSec" : 0.21628390463986333,
    "sentKBytesPerSec" : 0.329327179774681
  },
  "IdP (SF) Login group" : {
    "transaction" : "IdP (SF) Login group",
    "sampleCount" : 20,
    "errorCount" : 0,
    "errorPct" : 0.0,
    "meanResTime" : 551.15,
    "medianResTime" : 826.0,
    "minResTime" : 0.0,
    "maxResTime" : 1356.0,
    "pct1ResTime" : 1027.2,
    "pct2ResTime" : 1339.8999999999996,
    "pct3ResTime" : 1356.0,
    "throughput" : 0.2105972538118103,
    "receivedKBytesPerSec" : 0.9265045199435599,
    "sentKBytesPerSec" : 0.7773074713324488
  },
  "IdP Redirect endpoint-1" : {
    "transaction" : "IdP Redirect endpoint-1",
    "sampleCount" : 12,
    "errorCount" : 0,
    "errorPct" : 0.0,
    "meanResTime" : 176.0,
    "medianResTime" : 98.5,
    "minResTime" : 83.0,
    "maxResTime" : 830.0,
    "pct1ResTime" : 654.5000000000007,
    "pct2ResTime" : 830.0,
    "pct3ResTime" : 830.0,
    "throughput" : 0.21695503606877475,
    "receivedKBytesPerSec" : 2.8307971063622066,
    "sentKBytesPerSec" : 0.22712480338449856
  },
  "SSO to SP group" : {
    "transaction" : "SSO to SP group",
    "sampleCount" : 12,
    "errorCount" : 0,
    "errorPct" : 0.0,